,maze,steps,maze_final_binary,maze_final_decimal,center_agent,flag_1,flag_2,case_type,move_dominant_agents
0,1,15,['000'],0,S,0,0,,
1,2,15,['000'],0,A,0,0,,
2,3,14,['001'],1,B,0,0,,
3,4,15,['000'],0,S,0,0,,
4,5,15,['010'],2,A,0,0,,
5,6,15,['000'],0,B,0,0,,
6,7,15,['000'],0,S,0,0,,
7,8,15,['000'],0,A,0,0,,
8,9,13,['001'],1,B,0,0,,
9,10,15,['001'],1,S,0,0,,
10,11,15,['010'],2,A,0,0,,
11,12,15,['010'],2,B,0,0,,
12,13,15,['000'],0,S,0,0,,
13,14,15,['000'],0,A,0,0,,
14,15,15,['010'],2,B,0,0,,
15,16,15,['000'],0,S,0,0,,
16,17,15,['000'],0,A,0,0,,
17,18,15,['110'],6,B,0,0,,
18,19,15,['000'],0,S,0,0,,
19,20,15,['001'],1,A,0,0,,
20,21,15,['000'],0,B,0,0,,
21,22,15,['000'],0,S,0,0,,
22,23,15,['000'],0,A,0,0,,
23,24,15,['010'],2,B,0,0,,
24,25,15,['000'],0,S,0,0,,
25,26,15,['001'],1,A,0,0,,
26,27,15,['010'],2,B,0,0,,
27,28,15,['000'],0,S,0,0,,
28,29,15,['000'],0,A,0,0,,
29,30,15,['000'],0,B,0,0,,
30,31,15,['000'],0,S,0,0,,
31,32,15,['000'],0,A,0,0,,
32,33,14,['010'],2,B,0,0,,
33,34,15,['000'],0,S,0,0,,
34,35,15,['010'],2,A,0,0,,
35,36,15,['000'],0,B,0,0,,
36,37,15,['000'],0,S,0,0,,
37,38,15,['000'],0,A,0,0,,
38,39,15,['010'],2,B,0,0,,
39,40,15,['000'],0,S,0,0,,
40,41,15,['000'],0,A,0,0,,
41,42,15,['010'],2,B,0,0,,
42,43,15,['000'],0,S,0,0,,
43,44,15,['001'],1,A,0,0,,
44,45,15,['000'],0,B,0,0,,
45,46,15,['000'],0,S,0,0,,
46,47,15,['000'],0,A,0,0,,
47,48,15,['001'],1,B,0,0,,
48,49,15,['010'],2,S,0,0,,
49,50,15,['001'],1,A,0,0,,
50,51,15,['001'],1,B,0,0,,
51,52,15,['000'],0,S,0,0,,
52,53,15,['000'],0,A,0,0,,
53,54,15,['000'],0,B,0,0,,
54,55,15,['000'],0,S,0,0,,
55,56,15,['000'],0,A,0,0,,
56,57,15,['010'],2,B,0,0,,
57,58,15,['000'],0,S,0,0,,
58,59,15,['000'],0,A,0,0,,
59,60,15,['010'],2,B,0,0,,
60,61,15,['000'],0,S,0,0,,
61,62,15,['000'],0,A,0,0,,
62,63,15,['010'],2,B,0,0,,
63,64,15,['001'],1,S,0,0,,
64,65,15,['000'],0,A,0,0,,
65,66,15,['010'],2,B,0,0,,
66,67,15,['000'],0,S,0,0,,
67,68,15,['001'],1,A,0,0,,
68,69,15,['000'],0,B,0,0,,
69,70,15,['010'],2,S,0,0,,
70,71,15,['000'],0,A,0,0,,
71,72,15,['010'],2,B,0,0,,
72,73,15,['000'],0,S,0,0,,
73,74,15,['000'],0,A,0,0,,
74,75,15,['010'],2,B,0,0,,
75,76,14,['010'],2,S,0,0,,
76,77,15,['010'],2,A,0,0,,
77,78,15,['000'],0,B,0,0,,
78,79,15,['000'],0,S,0,0,,
79,80,15,['001'],1,A,0,0,,
80,81,15,['000'],0,B,0,0,,
81,82,15,['000'],0,S,0,0,,
82,83,15,['010'],2,A,0,0,,
83,84,15,['010'],2,B,0,0,,
84,85,15,['000'],0,S,0,0,,
85,86,15,['000'],0,A,0,0,,
86,87,15,['010'],2,B,0,0,,
87,88,15,['000'],0,S,0,0,,
88,89,15,['000'],0,A,0,0,,
89,90,15,['001'],1,B,0,0,,
90,91,15,['000'],0,S,0,0,,
91,92,15,['000'],0,A,0,0,,
92,93,15,['010'],2,B,0,0,,
93,94,15,['000'],0,S,0,0,,
94,95,15,['000'],0,A,0,0,,
95,96,15,['010'],2,B,0,0,,
96,97,15,['010'],2,S,0,0,,
97,98,15,['000'],0,A,0,0,,
98,99,15,['010'],2,B,0,0,,
99,100,15,['000'],0,S,0,0,,
100,101,15,['000'],0,A,0,0,,
101,102,14,['010'],2,B,0,0,,
102,103,15,['000'],0,S,0,0,,
103,104,15,['000'],0,A,0,0,,
104,105,15,['000'],0,B,0,0,,
105,106,15,['000'],0,S,0,0,,
106,107,15,['000'],0,A,0,0,,
107,108,15,['001'],1,B,0,0,,
108,109,15,['000'],0,S,0,0,,
109,110,15,['000'],0,A,0,0,,
110,111,15,['000'],0,B,0,0,,
111,112,15,['000'],0,S,0,0,,
112,113,15,['000'],0,A,0,0,,
113,114,15,['010'],2,B,0,0,,
114,115,15,['000'],0,S,0,0,,
115,116,15,['000'],0,A,0,0,,
116,117,15,['010'],2,B,0,0,,
117,118,15,['000'],0,S,0,0,,
118,119,15,['000'],0,A,0,0,,
119,120,15,['000'],0,B,0,0,,
120,121,15,['000'],0,S,0,0,,
121,122,15,['000'],0,A,0,0,,
122,123,15,['010'],2,B,0,0,,
123,124,15,['000'],0,S,0,0,,
124,125,15,['000'],0,A,0,0,,
125,126,15,['000'],0,B,0,0,,
126,127,15,['000'],0,S,0,0,,
127,128,15,['000'],0,A,0,0,,
128,129,14,['010'],2,B,0,0,,
129,130,15,['000'],0,S,0,0,,
130,131,15,['000'],0,A,0,0,,
131,132,15,['000'],0,B,0,0,,
132,133,15,['001'],1,S,0,0,,
133,134,15,['000'],0,A,0,0,,
134,135,15,['010'],2,B,0,0,,
135,136,15,['000'],0,S,0,0,,
136,137,15,['010'],2,A,0,0,,
137,138,14,['010'],2,B,0,0,,
138,139,15,['000'],0,S,0,0,,
139,140,15,['000'],0,A,0,0,,
140,141,15,['001'],1,B,0,0,,
141,142,15,['001'],1,S,0,0,,
142,143,15,['000'],0,A,0,0,,
143,144,13,['010'],2,B,0,0,,
144,145,15,['000'],0,S,0,0,,
145,146,15,['010'],2,A,0,0,,
146,147,15,['000'],0,B,0,0,,
147,148,15,['000'],0,S,0,0,,
148,149,15,['000'],0,A,0,0,,
149,150,15,['010'],2,B,0,0,,
150,151,15,['000'],0,S,0,0,,
151,152,15,['000'],0,A,0,0,,
152,153,13,['010'],2,B,0,0,,
153,154,15,['010'],2,S,0,0,,
154,155,15,['000'],0,A,0,0,,
155,156,15,['000'],0,B,0,0,,
156,157,15,['000'],0,S,0,0,,
157,158,15,['000'],0,A,0,0,,
158,159,14,['010'],2,B,0,0,,
159,160,15,['000'],0,S,0,0,,
160,161,15,['000'],0,A,0,0,,
161,162,13,['010'],2,B,0,0,,
162,163,15,['000'],0,S,0,0,,
163,164,15,['000'],0,A,0,0,,
164,165,15,['010'],2,B,0,0,,
165,166,15,['000'],0,S,0,0,,
166,167,15,['000'],0,A,0,0,,
167,168,15,['010'],2,B,0,0,,
168,169,15,['000'],0,S,0,0,,
169,170,15,['001'],1,A,0,0,,
170,171,13,['010'],2,B,0,0,,
171,172,15,['000'],0,S,0,0,,
172,173,15,['000'],0,A,0,0,,
173,174,15,['010'],2,B,0,0,,
174,175,15,['010'],2,S,0,0,,
175,176,15,['010'],2,A,0,0,,
176,177,15,['010'],2,B,0,0,,
177,178,15,['000'],0,S,0,0,,
178,179,15,['000'],0,A,0,0,,
179,180,15,['000'],0,B,0,0,,
180,181,15,['010'],2,S,0,0,,
181,182,15,['000'],0,A,0,0,,
182,183,15,['000'],0,B,0,0,,
183,184,15,['000'],0,S,0,0,,
184,185,15,['000'],0,A,0,0,,
185,186,14,['001'],1,B,0,0,,
186,187,15,['000'],0,S,0,0,,
187,188,15,['000'],0,A,0,0,,
188,189,15,['010'],2,B,0,0,,
189,190,15,['000'],0,S,0,0,,
190,191,15,['000'],0,A,0,0,,
191,192,15,['000'],0,B,0,0,,
192,193,15,['000'],0,S,0,0,,
193,194,15,['010'],2,A,0,0,,
194,195,15,['010'],2,B,0,0,,
195,196,15,['000'],0,S,0,0,,
196,197,15,['000'],0,A,0,0,,
197,198,15,['010'],2,B,0,0,,
198,199,15,['000'],0,S,0,0,,
199,200,15,['000'],0,A,0,0,,
200,201,13,['010'],2,B,0,0,,
201,202,15,['000'],0,S,0,0,,
202,203,15,['010'],2,A,0,0,,
203,204,15,['001'],1,B,0,0,,
204,205,15,['000'],0,S,0,0,,
205,206,15,['000'],0,A,0,0,,
206,207,15,['001'],1,B,0,0,,
207,208,15,['000'],0,S,0,0,,
208,209,15,['000'],0,A,0,0,,
209,210,15,['000'],0,B,0,0,,
210,211,15,['000'],0,S,0,0,,
211,212,15,['000'],0,A,0,0,,
212,213,15,['010'],2,B,0,0,,
213,214,15,['000'],0,S,0,0,,
214,215,15,['000'],0,A,0,0,,
215,216,15,['000'],0,B,0,0,,
216,217,15,['000'],0,S,0,0,,
217,218,15,['001'],1,A,0,0,,
218,219,15,['001'],1,B,0,0,,
219,220,15,['000'],0,S,0,0,,
220,221,15,['000'],0,A,0,0,,
221,222,15,['000'],0,B,0,0,,
222,223,15,['000'],0,S,0,0,,
223,224,15,['000'],0,A,0,0,,
224,225,15,['001'],1,B,0,0,,
225,226,15,['000'],0,S,0,0,,
226,227,15,['000'],0,A,0,0,,
227,228,15,['000'],0,B,0,0,,
228,229,15,['000'],0,S,0,0,,
229,230,15,['000'],0,A,0,0,,
230,231,15,['001'],1,B,0,0,,
231,232,15,['001'],1,S,0,0,,
232,233,15,['000'],0,A,0,0,,
233,234,15,['000'],0,B,0,0,,
234,235,15,['000'],0,S,0,0,,
235,236,15,['001'],1,A,0,0,,
236,237,15,['001'],1,B,0,0,,
237,238,15,['000'],0,S,0,0,,
238,239,15,['000'],0,A,0,0,,
239,240,15,['000'],0,B,0,0,,
240,241,15,['000'],0,S,0,0,,
241,242,15,['000'],0,A,0,0,,
242,243,15,['001'],1,B,0,0,,
243,244,15,['000'],0,S,0,0,,
244,245,15,['001'],1,A,0,0,,
245,246,15,['010'],2,B,0,0,,
246,247,15,['000'],0,S,0,0,,
247,248,15,['000'],0,A,0,0,,
248,249,14,['010'],2,B,0,0,,
249,250,15,['000'],0,S,0,0,,
250,251,15,['000'],0,A,0,0,,
251,252,15,['000'],0,B,0,0,,
252,253,15,['000'],0,S,0,0,,
253,254,15,['000'],0,A,0,0,,
254,255,14,['001'],1,B,0,0,,
255,256,15,['010'],2,S,0,0,,
256,257,15,['000'],0,A,0,0,,
257,258,15,['000'],0,B,0,0,,
258,259,15,['000'],0,S,0,0,,
259,260,15,['010'],2,A,0,0,,
260,261,15,['000'],0,B,0,0,,
261,262,15,['000'],0,S,0,0,,
262,263,15,['000'],0,A,0,0,,
263,264,15,['000'],0,B,0,0,,
264,265,15,['000'],0,S,0,0,,
265,266,15,['000'],0,A,0,0,,
266,267,15,['100'],4,B,0,0,,
267,268,15,['000'],0,S,0,0,,
268,269,15,['000'],0,A,0,0,,
269,270,13,['010'],2,B,0,0,,
270,271,15,['000'],0,S,0,0,,
271,272,15,['000'],0,A,0,0,,
272,273,15,['010'],2,B,0,0,,
273,274,15,['001'],1,S,0,0,,
274,275,15,['000'],0,A,0,0,,
275,276,15,['000'],0,B,0,0,,
276,277,15,['000'],0,S,0,0,,
277,278,15,['000'],0,A,0,0,,
278,279,15,['001'],1,B,0,0,,
279,280,15,['000'],0,S,0,0,,
280,281,15,['000'],0,A,0,0,,
281,282,15,['010'],2,B,0,0,,
282,283,15,['000'],0,S,0,0,,
283,284,15,['000'],0,A,0,0,,
284,285,15,['010'],2,B,0,0,,
285,286,15,['010'],2,S,0,0,,
286,287,15,['000'],0,A,0,0,,
287,288,15,['001'],1,B,0,0,,
288,289,15,['000'],0,S,0,0,,
289,290,15,['000'],0,A,0,0,,
290,291,15,['001'],1,B,0,0,,
291,292,15,['000'],0,S,0,0,,
292,293,15,['001'],1,A,0,0,,
293,294,15,['000'],0,B,0,0,,
294,295,15,['001'],1,S,0,0,,
295,296,15,['001'],1,A,0,0,,
296,297,15,['010'],2,B,0,0,,
297,298,15,['000'],0,S,0,0,,
298,299,15,['000'],0,A,0,0,,
299,300,15,['010'],2,B,0,0,,
300,301,15,['000'],0,S,0,0,,
301,302,15,['000'],0,A,0,0,,
302,303,15,['000'],0,B,0,0,,
303,304,15,['000'],0,S,0,0,,
304,305,15,['000'],0,A,0,0,,
305,306,15,['010'],2,B,0,0,,
306,307,15,['000'],0,S,0,0,,
307,308,15,['000'],0,A,0,0,,
308,309,15,['010'],2,B,0,0,,
309,310,15,['000'],0,S,0,0,,
310,311,15,['000'],0,A,0,0,,
311,312,15,['000'],0,B,0,0,,
312,313,15,['000'],0,S,0,0,,
313,314,15,['000'],0,A,0,0,,
314,315,14,['010'],2,B,0,0,,
315,316,15,['000'],0,S,0,0,,
316,317,15,['000'],0,A,0,0,,
317,318,15,['000'],0,B,0,0,,
318,319,15,['000'],0,S,0,0,,
319,320,15,['000'],0,A,0,0,,
320,321,15,['000'],0,B,0,0,,
321,322,15,['000'],0,S,0,0,,
322,323,15,['000'],0,A,0,0,,
323,324,15,['000'],0,B,0,0,,
324,325,15,['000'],0,S,0,0,,
325,326,15,['010'],2,A,0,0,,
326,327,15,['010'],2,B,0,0,,
327,328,15,['001'],1,S,0,0,,
328,329,15,['000'],0,A,0,0,,
329,330,15,['000'],0,B,0,0,,
330,331,15,['000'],0,S,0,0,,
331,332,15,['001'],1,A,0,0,,
332,333,15,['010'],2,B,0,0,,
333,334,15,['000'],0,S,0,0,,
334,335,15,['000'],0,A,0,0,,
335,336,15,['001'],1,B,0,0,,
336,337,15,['000'],0,S,0,0,,
337,338,15,['000'],0,A,0,0,,
338,339,15,['010'],2,B,0,0,,
339,340,14,['001'],1,S,0,0,,
340,341,15,['000'],0,A,0,0,,
341,342,15,['000'],0,B,0,0,,
342,343,15,['010'],2,S,0,0,,
343,344,15,['001'],1,A,0,0,,
344,345,15,['010'],2,B,0,0,,
345,346,15,['000'],0,S,0,0,,
346,347,15,['000'],0,A,0,0,,
347,348,15,['000'],0,B,0,0,,
348,349,15,['010'],2,S,0,0,,
349,350,15,['000'],0,A,0,0,,
350,351,15,['000'],0,B,0,0,,
351,352,15,['000'],0,S,0,0,,
352,353,15,['001'],1,A,0,0,,
353,354,15,['000'],0,B,0,0,,
354,355,15,['000'],0,S,0,0,,
355,356,15,['010'],2,A,0,0,,
356,357,15,['000'],0,B,0,0,,
357,358,15,['000'],0,S,0,0,,
358,359,15,['000'],0,A,0,0,,
359,360,15,['000'],0,B,0,0,,
360,361,15,['000'],0,S,0,0,,
361,362,15,['000'],0,A,0,0,,
362,363,14,['010'],2,B,0,0,,
363,364,15,['010'],2,S,0,0,,
364,365,15,['000'],0,A,0,0,,
365,366,15,['000'],0,B,0,0,,
366,367,15,['000'],0,S,0,0,,
367,368,15,['000'],0,A,0,0,,
368,369,15,['010'],2,B,0,0,,
369,370,15,['010'],2,S,0,0,,
370,371,15,['000'],0,A,0,0,,
371,372,15,['001'],1,B,0,0,,
372,373,15,['000'],0,S,0,0,,
373,374,15,['000'],0,A,0,0,,
374,375,15,['000'],0,B,0,0,,
375,376,15,['000'],0,S,0,0,,
376,377,15,['010'],2,A,0,0,,
377,378,15,['010'],2,B,0,0,,
378,379,15,['000'],0,S,0,0,,
379,380,15,['000'],0,A,0,0,,
380,381,15,['010'],2,B,0,0,,
381,382,15,['010'],2,S,0,0,,
382,383,15,['000'],0,A,0,0,,
383,384,15,['000'],0,B,0,0,,
384,385,15,['000'],0,S,0,0,,
385,386,15,['000'],0,A,0,0,,
386,387,15,['001'],1,B,0,0,,
387,388,15,['000'],0,S,0,0,,
388,389,15,['000'],0,A,0,0,,
389,390,15,['010'],2,B,0,0,,
390,391,15,['000'],0,S,0,0,,
391,392,15,['010'],2,A,0,0,,
392,393,15,['010'],2,B,0,0,,
393,394,15,['000'],0,S,0,0,,
394,395,15,['000'],0,A,0,0,,
395,396,15,['010'],2,B,0,0,,
396,397,15,['000'],0,S,0,0,,
397,398,15,['000'],0,A,0,0,,
398,399,15,['010'],2,B,0,0,,
399,400,15,['011'],3,S,0,0,,
400,401,15,['000'],0,A,0,0,,
401,402,15,['010'],2,B,0,0,,
402,403,15,['000'],0,S,0,0,,
403,404,15,['000'],0,A,0,0,,
404,405,15,['010'],2,B,0,0,,
405,406,15,['000'],0,S,0,0,,
406,407,15,['010'],2,A,0,0,,
407,408,15,['010'],2,B,0,0,,
408,409,15,['010'],2,S,0,0,,
409,410,15,['010'],2,A,0,0,,
410,411,14,['010'],2,B,0,0,,
411,412,15,['000'],0,S,0,0,,
412,413,15,['000'],0,A,0,0,,
413,414,15,['010'],2,B,0,0,,
414,415,15,['000'],0,S,0,0,,
415,416,15,['000'],0,A,0,0,,
416,417,15,['010'],2,B,0,0,,
417,418,15,['000'],0,S,0,0,,
418,419,15,['000'],0,A,0,0,,
419,420,14,['010'],2,B,0,0,,
420,421,15,['001'],1,S,0,0,,
421,422,15,['000'],0,A,0,0,,
422,423,15,['010'],2,B,0,0,,
423,424,15,['000'],0,S,0,0,,
424,425,15,['000'],0,A,0,0,,
425,426,15,['010'],2,B,0,0,,
426,427,15,['000'],0,S,0,0,,
427,428,14,['010'],2,A,0,0,,
428,429,15,['000'],0,B,0,0,,
429,430,15,['000'],0,S,0,0,,
430,431,15,['000'],0,A,0,0,,
431,432,15,['000'],0,B,0,0,,
432,433,15,['000'],0,S,0,0,,
433,434,15,['000'],0,A,0,0,,
434,435,15,['010'],2,B,0,0,,
435,436,15,['010'],2,S,0,0,,
436,437,15,['001'],1,A,0,0,,
437,438,13,['001'],1,B,0,0,,
438,439,15,['000'],0,S,0,0,,
439,440,15,['000'],0,A,0,0,,
440,441,15,['000'],0,B,0,0,,
441,442,15,['000'],0,S,0,0,,
442,443,15,['010'],2,A,0,0,,
443,444,15,['001'],1,B,0,0,,
444,445,15,['000'],0,S,0,0,,
445,446,15,['010'],2,A,0,0,,
446,447,14,['010'],2,B,0,0,,
447,448,15,['000'],0,S,0,0,,
448,449,15,['000'],0,A,0,0,,
449,450,15,['010'],2,B,0,0,,
450,451,15,['000'],0,S,0,0,,
451,452,15,['000'],0,A,0,0,,
452,453,15,['010'],2,B,0,0,,
453,454,15,['010'],2,S,0,0,,
454,455,14,['010'],2,A,0,0,,
455,456,15,['001'],1,B,0,0,,
456,457,15,['000'],0,S,0,0,,
457,458,15,['000'],0,A,0,0,,
458,459,14,['001'],1,B,0,0,,
459,460,15,['010'],2,S,0,0,,
460,461,15,['000'],0,A,0,0,,
461,462,15,['001'],1,B,0,0,,
462,463,15,['010'],2,S,0,0,,
463,464,15,['010'],2,A,0,0,,
464,465,15,['010'],2,B,0,0,,
465,466,15,['000'],0,S,0,0,,
466,467,15,['001'],1,A,0,0,,
467,468,15,['010'],2,B,0,0,,
468,469,15,['000'],0,S,0,0,,
469,470,15,['000'],0,A,0,0,,
470,471,15,['001'],1,B,0,0,,
471,472,15,['000'],0,S,0,0,,
472,473,15,['000'],0,A,0,0,,
473,474,15,['000'],0,B,0,0,,
474,475,15,['001'],1,S,0,0,,
475,476,15,['000'],0,A,0,0,,
476,477,15,['010'],2,B,0,0,,
477,478,15,['000'],0,S,0,0,,
478,479,15,['000'],0,A,0,0,,
479,480,14,['010'],2,B,0,0,,
480,481,15,['000'],0,S,0,0,,
481,482,15,['000'],0,A,0,0,,
482,483,15,['010'],2,B,0,0,,
483,484,15,['001'],1,S,0,0,,
484,485,15,['000'],0,A,0,0,,
485,486,15,['010'],2,B,0,0,,
486,487,15,['001'],1,S,0,0,,
487,488,15,['010'],2,A,0,0,,
488,489,15,['010'],2,B,0,0,,
489,490,15,['010'],2,S,0,0,,
490,491,15,['000'],0,A,0,0,,
491,492,15,['010'],2,B,0,0,,
492,493,15,['000'],0,S,0,0,,
493,494,15,['000'],0,A,0,0,,
494,495,15,['010'],2,B,0,0,,
495,496,15,['000'],0,S,0,0,,
496,497,15,['010'],2,A,0,0,,
497,498,15,['010'],2,B,0,0,,
498,499,15,['000'],0,S,0,0,,
499,500,15,['001'],1,A,0,0,,
500,501,15,['001'],1,B,0,0,,
501,502,15,['000'],0,S,0,0,,
502,503,15,['001'],1,A,0,0,,
503,504,15,['010'],2,B,0,0,,
504,505,15,['000'],0,S,0,0,,
505,506,15,['010'],2,A,0,0,,
506,507,15,['010'],2,B,0,0,,
507,508,15,['000'],0,S,0,0,,
508,509,15,['001'],1,A,0,0,,
509,510,15,['001'],1,B,0,0,,
510,511,15,['000'],0,S,0,0,,
511,512,15,['000'],0,A,0,0,,
512,513,15,['010'],2,B,0,0,,
513,514,15,['000'],0,S,0,0,,
514,515,15,['000'],0,A,0,0,,
515,516,15,['000'],0,B,0,0,,
516,517,15,['000'],0,S,0,0,,
517,518,15,['000'],0,A,0,0,,
518,519,15,['000'],0,B,0,0,,
519,520,15,['010'],2,S,0,0,,
520,521,15,['000'],0,A,0,0,,
521,522,15,['010'],2,B,0,0,,
522,523,15,['000'],0,S,0,0,,
523,524,15,['010'],2,A,0,0,,
524,525,15,['010'],2,B,0,0,,
525,526,15,['000'],0,S,0,0,,
526,527,15,['000'],0,A,0,0,,
527,528,15,['000'],0,B,0,0,,
528,529,15,['000'],0,S,0,0,,
529,530,15,['000'],0,A,0,0,,
530,531,15,['001'],1,B,0,0,,
531,532,15,['000'],0,S,0,0,,
532,533,15,['000'],0,A,0,0,,
533,534,15,['010'],2,B,0,0,,
534,535,15,['000'],0,S,0,0,,
535,536,15,['001'],1,A,0,0,,
536,537,15,['010'],2,B,0,0,,
537,538,15,['000'],0,S,0,0,,
538,539,15,['000'],0,A,0,0,,
539,540,15,['001'],1,B,0,0,,
540,541,15,['010'],2,S,0,0,,
541,542,15,['000'],0,A,0,0,,
542,543,15,['010'],2,B,0,0,,
543,544,15,['001'],1,S,0,0,,
544,545,15,['000'],0,A,0,0,,
545,546,15,['000'],0,B,0,0,,
546,547,15,['000'],0,S,0,0,,
547,548,15,['000'],0,A,0,0,,
548,549,15,['001'],1,B,0,0,,
549,550,15,['000'],0,S,0,0,,
550,551,15,['010'],2,A,0,0,,
551,552,15,['010'],2,B,0,0,,
552,553,15,['000'],0,S,0,0,,
553,554,15,['000'],0,A,0,0,,
554,555,15,['010'],2,B,0,0,,
555,556,15,['000'],0,S,0,0,,
556,557,15,['000'],0,A,0,0,,
557,558,15,['010'],2,B,0,0,,
558,559,15,['010'],2,S,0,0,,
559,560,15,['001'],1,A,0,0,,
560,561,15,['010'],2,B,0,0,,
561,562,15,['000'],0,S,0,0,,
562,563,15,['000'],0,A,0,0,,
563,564,14,['001'],1,B,0,0,,
564,565,15,['000'],0,S,0,0,,
565,566,15,['000'],0,A,0,0,,
566,567,14,['001'],1,B,0,0,,
567,568,15,['000'],0,S,0,0,,
568,569,15,['000'],0,A,0,0,,
569,570,15,['000'],0,B,0,0,,
570,571,15,['010'],2,S,0,0,,
571,572,15,['000'],0,A,0,0,,
572,573,15,['010'],2,B,0,0,,
573,574,15,['001'],1,S,0,0,,
574,575,15,['000'],0,A,0,0,,
575,576,15,['000'],0,B,0,0,,
576,577,15,['010'],2,S,0,0,,
577,578,15,['001'],1,A,0,0,,
578,579,14,['010'],2,B,0,0,,
579,580,15,['000'],0,S,0,0,,
580,581,15,['000'],0,A,0,0,,
581,582,15,['010'],2,B,0,0,,
582,583,15,['000'],0,S,0,0,,
583,584,15,['000'],0,A,0,0,,
584,585,15,['000'],0,B,0,0,,
585,586,15,['000'],0,S,0,0,,
586,587,15,['000'],0,A,0,0,,
587,588,13,['001'],1,B,0,0,,
588,589,15,['001'],1,S,0,0,,
589,590,15,['000'],0,A,0,0,,
590,591,15,['010'],2,B,0,0,,
591,592,15,['000'],0,S,0,0,,
592,593,15,['000'],0,A,0,0,,
593,594,15,['001'],1,B,0,0,,
594,595,15,['001'],1,S,0,0,,
595,596,15,['000'],0,A,0,0,,
596,597,15,['000'],0,B,0,0,,
597,598,15,['000'],0,S,0,0,,
598,599,15,['000'],0,A,0,0,,
599,600,14,['010'],2,B,0,0,,
600,601,15,['000'],0,S,0,0,,
601,602,14,['010'],2,A,0,0,,
602,603,15,['000'],0,B,0,0,,
603,604,15,['000'],0,S,0,0,,
604,605,15,['001'],1,A,0,0,,
605,606,15,['001'],1,B,0,0,,
606,607,15,['000'],0,S,0,0,,
607,608,15,['010'],2,A,0,0,,
608,609,15,['010'],2,B,0,0,,
609,610,15,['000'],0,S,0,0,,
610,611,15,['000'],0,A,0,0,,
611,612,14,['001'],1,B,0,0,,
612,613,15,['010'],2,S,0,0,,
613,614,15,['000'],0,A,0,0,,
614,615,15,['010'],2,B,0,0,,
615,616,15,['000'],0,S,0,0,,
616,617,15,['000'],0,A,0,0,,
617,618,15,['010'],2,B,0,0,,
618,619,15,['000'],0,S,0,0,,
619,620,15,['010'],2,A,0,0,,
620,621,15,['010'],2,B,0,0,,
621,622,15,['000'],0,S,0,0,,
622,623,15,['001'],1,A,0,0,,
623,624,15,['010'],2,B,0,0,,
624,625,15,['000'],0,S,0,0,,
625,626,15,['000'],0,A,0,0,,
626,627,15,['010'],2,B,0,0,,
627,628,15,['000'],0,S,0,0,,
628,629,15,['010'],2,A,0,0,,
629,630,15,['010'],2,B,0,0,,
630,631,15,['000'],0,S,0,0,,
631,632,15,['000'],0,A,0,0,,
632,633,15,['000'],0,B,0,0,,
633,634,15,['000'],0,S,0,0,,
634,635,15,['010'],2,A,0,0,,
635,636,14,['010'],2,B,0,0,,
636,637,15,['000'],0,S,0,0,,
637,638,15,['010'],2,A,0,0,,
638,639,15,['000'],0,B,0,0,,
639,640,15,['010'],2,S,0,0,,
640,641,15,['001'],1,A,0,0,,
641,642,15,['001'],1,B,0,0,,
642,643,15,['010'],2,S,0,0,,
643,644,15,['000'],0,A,0,0,,
644,645,15,['000'],0,B,0,0,,
645,646,15,['000'],0,S,0,0,,
646,647,15,['000'],0,A,0,0,,
647,648,15,['010'],2,B,0,0,,
648,649,15,['000'],0,S,0,0,,
649,650,15,['000'],0,A,0,0,,
650,651,14,['010'],2,B,0,0,,
651,652,15,['001'],1,S,0,0,,
652,653,15,['000'],0,A,0,0,,
653,654,15,['001'],1,B,0,0,,
654,655,15,['000'],0,S,0,0,,
655,656,15,['000'],0,A,0,0,,
656,657,15,['000'],0,B,0,0,,
657,658,15,['000'],0,S,0,0,,
658,659,15,['000'],0,A,0,0,,
659,660,15,['000'],0,B,0,0,,
660,661,14,['001'],1,S,0,0,,
661,662,15,['010'],2,A,0,0,,
662,663,15,['000'],0,B,0,0,,
663,664,15,['000'],0,S,0,0,,
664,665,15,['001'],1,A,0,0,,
665,666,15,['010'],2,B,0,0,,
666,667,15,['000'],0,S,0,0,,
667,668,15,['000'],0,A,0,0,,
668,669,14,['010'],2,B,0,0,,
669,670,15,['000'],0,S,0,0,,
670,671,15,['000'],0,A,0,0,,
671,672,15,['000'],0,B,0,0,,
672,673,15,['010'],2,S,0,0,,
673,674,15,['000'],0,A,0,0,,
674,675,15,['001'],1,B,0,0,,
675,676,15,['000'],0,S,0,0,,
676,677,15,['000'],0,A,0,0,,
677,678,15,['001'],1,B,0,0,,
678,679,15,['010'],2,S,0,0,,
679,680,15,['010'],2,A,0,0,,
680,681,15,['010'],2,B,0,0,,
681,682,15,['000'],0,S,0,0,,
682,683,15,['000'],0,A,0,0,,
683,684,14,['010'],2,B,0,0,,
684,685,15,['001'],1,S,0,0,,
685,686,15,['000'],0,A,0,0,,
686,687,15,['000'],0,B,0,0,,
687,688,15,['010'],2,S,0,0,,
688,689,15,['010'],2,A,0,0,,
689,690,15,['010'],2,B,0,0,,
690,691,15,['000'],0,S,0,0,,
691,692,15,['000'],0,A,0,0,,
692,693,15,['010'],2,B,0,0,,
693,694,15,['000'],0,S,0,0,,
694,695,15,['000'],0,A,0,0,,
695,696,15,['000'],0,B,0,0,,
696,697,15,['001'],1,S,0,0,,
697,698,15,['000'],0,A,0,0,,
698,699,15,['010'],2,B,0,0,,
699,700,15,['000'],0,S,0,0,,
700,701,15,['000'],0,A,0,0,,
701,702,15,['000'],0,B,0,0,,
702,703,15,['000'],0,S,0,0,,
703,704,15,['001'],1,A,0,0,,
704,705,15,['000'],0,B,0,0,,
705,706,15,['001'],1,S,0,0,,
706,707,15,['010'],2,A,0,0,,
707,708,15,['000'],0,B,0,0,,
708,709,15,['000'],0,S,0,0,,
709,710,15,['000'],0,A,0,0,,
710,711,14,['010'],2,B,0,0,,
711,712,15,['000'],0,S,0,0,,
712,713,15,['000'],0,A,0,0,,
713,714,15,['010'],2,B,0,0,,
714,715,15,['000'],0,S,0,0,,
715,716,15,['000'],0,A,0,0,,
716,717,15,['010'],2,B,0,0,,
717,718,15,['001'],1,S,0,0,,
718,719,15,['000'],0,A,0,0,,
719,720,15,['010'],2,B,0,0,,
720,721,15,['010'],2,S,0,0,,
721,722,15,['000'],0,A,0,0,,
722,723,14,['001'],1,B,0,0,,
723,724,15,['000'],0,S,0,0,,
724,725,15,['001'],1,A,0,0,,
725,726,15,['010'],2,B,0,0,,
726,727,15,['010'],2,S,0,0,,
727,728,15,['000'],0,A,0,0,,
728,729,15,['010'],2,B,0,0,,
729,730,15,['000'],0,S,0,0,,
730,731,15,['000'],0,A,0,0,,
731,732,15,['000'],0,B,0,0,,
732,733,15,['010'],2,S,0,0,,
733,734,15,['000'],0,A,0,0,,
734,735,15,['000'],0,B,0,0,,
735,736,15,['000'],0,S,0,0,,
736,737,15,['000'],0,A,0,0,,
737,738,15,['000'],0,B,0,0,,
738,739,15,['000'],0,S,0,0,,
739,740,15,['010'],2,A,0,0,,
740,741,13,['010'],2,B,0,0,,
741,742,15,['000'],0,S,0,0,,
742,743,15,['010'],2,A,0,0,,
743,744,13,['010'],2,B,0,0,,
744,745,15,['000'],0,S,0,0,,
745,746,15,['000'],0,A,0,0,,
746,747,15,['010'],2,B,0,0,,
747,748,15,['000'],0,S,0,0,,
748,749,15,['000'],0,A,0,0,,
749,750,15,['010'],2,B,0,0,,
750,751,15,['010'],2,S,0,0,,
751,752,15,['010'],2,A,0,0,,
752,753,15,['000'],0,B,0,0,,
753,754,15,['000'],0,S,0,0,,
754,755,15,['000'],0,A,0,0,,
755,756,15,['001'],1,B,0,0,,
756,757,15,['000'],0,S,0,0,,
757,758,15,['001'],1,A,0,0,,
758,759,15,['010'],2,B,0,0,,
759,760,15,['000'],0,S,0,0,,
760,761,15,['000'],0,A,0,0,,
761,762,14,['010'],2,B,0,0,,
762,763,15,['000'],0,S,0,0,,
763,764,15,['000'],0,A,0,0,,
764,765,15,['000'],0,B,0,0,,
765,766,15,['010'],2,S,0,0,,
766,767,15,['000'],0,A,0,0,,
767,768,15,['001'],1,B,0,0,,
768,769,15,['001'],1,S,0,0,,
769,770,15,['000'],0,A,0,0,,
770,771,15,['010'],2,B,0,0,,
771,772,15,['000'],0,S,0,0,,
772,773,15,['010'],2,A,0,0,,
773,774,15,['010'],2,B,0,0,,
774,775,15,['000'],0,S,0,0,,
775,776,15,['000'],0,A,0,0,,
776,777,15,['010'],2,B,0,0,,
777,778,15,['000'],0,S,0,0,,
778,779,15,['000'],0,A,0,0,,
779,780,15,['010'],2,B,0,0,,
780,781,15,['000'],0,S,0,0,,
781,782,15,['000'],0,A,0,0,,
782,783,15,['010'],2,B,0,0,,
783,784,15,['000'],0,S,0,0,,
784,785,15,['000'],0,A,0,0,,
785,786,15,['001'],1,B,0,0,,
786,787,15,['000'],0,S,0,0,,
787,788,15,['000'],0,A,0,0,,
788,789,15,['010'],2,B,0,0,,
789,790,15,['000'],0,S,0,0,,
790,791,15,['000'],0,A,0,0,,
791,792,15,['010'],2,B,0,0,,
792,793,15,['000'],0,S,0,0,,
793,794,15,['000'],0,A,0,0,,
794,795,15,['010'],2,B,0,0,,
795,796,15,['000'],0,S,0,0,,
796,797,15,['001'],1,A,0,0,,
797,798,15,['010'],2,B,0,0,,
798,799,15,['001'],1,S,0,0,,
799,800,15,['000'],0,A,0,0,,
800,801,15,['000'],0,B,0,0,,
801,802,15,['000'],0,S,0,0,,
802,803,15,['000'],0,A,0,0,,
803,804,15,['000'],0,B,0,0,,
804,805,15,['000'],0,S,0,0,,
805,806,15,['000'],0,A,0,0,,
806,807,15,['010'],2,B,0,0,,
807,808,15,['000'],0,S,0,0,,
808,809,15,['000'],0,A,0,0,,
809,810,15,['010'],2,B,0,0,,
810,811,15,['000'],0,S,0,0,,
811,812,15,['001'],1,A,0,0,,
812,813,15,['001'],1,B,0,0,,
813,814,15,['000'],0,S,0,0,,
814,815,15,['000'],0,A,0,0,,
815,816,15,['010'],2,B,0,0,,
816,817,15,['000'],0,S,0,0,,
817,818,15,['001'],1,A,0,0,,
818,819,15,['010'],2,B,0,0,,
819,820,15,['001'],1,S,0,0,,
820,821,15,['000'],0,A,0,0,,
821,822,15,['010'],2,B,0,0,,
822,823,15,['000'],0,S,0,0,,
823,824,15,['000'],0,A,0,0,,
824,825,15,['010'],2,B,0,0,,
825,826,15,['000'],0,S,0,0,,
826,827,15,['000'],0,A,0,0,,
827,828,15,['001'],1,B,0,0,,
828,829,15,['000'],0,S,0,0,,
829,830,15,['000'],0,A,0,0,,
830,831,15,['010'],2,B,0,0,,
831,832,15,['010'],2,S,0,0,,
832,833,15,['000'],0,A,0,0,,
833,834,15,['000'],0,B,0,0,,
834,835,15,['001'],1,S,0,0,,
835,836,15,['001'],1,A,0,0,,
836,837,15,['000'],0,B,0,0,,
837,838,15,['000'],0,S,0,0,,
838,839,15,['001'],1,A,0,0,,
839,840,15,['010'],2,B,0,0,,
840,841,15,['000'],0,S,0,0,,
841,842,15,['000'],0,A,0,0,,
842,843,15,['000'],0,B,0,0,,
843,844,15,['000'],0,S,0,0,,
844,845,15,['000'],0,A,0,0,,
845,846,15,['000'],0,B,0,0,,
846,847,15,['010'],2,S,0,0,,
847,848,15,['000'],0,A,0,0,,
848,849,15,['001'],1,B,0,0,,
849,850,15,['000'],0,S,0,0,,
850,851,15,['001'],1,A,0,0,,
851,852,15,['010'],2,B,0,0,,
852,853,15,['010'],2,S,0,0,,
853,854,15,['001'],1,A,0,0,,
854,855,15,['001'],1,B,0,0,,
855,856,15,['000'],0,S,0,0,,
856,857,15,['001'],1,A,0,0,,
857,858,15,['010'],2,B,0,0,,
858,859,15,['000'],0,S,0,0,,
859,860,15,['000'],0,A,0,0,,
860,861,15,['000'],0,B,0,0,,
861,862,15,['001'],1,S,0,0,,
862,863,15,['000'],0,A,0,0,,
863,864,15,['000'],0,B,0,0,,
864,865,15,['000'],0,S,0,0,,
865,866,15,['000'],0,A,0,0,,
866,867,15,['010'],2,B,0,0,,
867,868,15,['000'],0,S,0,0,,
868,869,15,['001'],1,A,0,0,,
869,870,15,['000'],0,B,0,0,,
870,871,15,['000'],0,S,0,0,,
871,872,15,['000'],0,A,0,0,,
872,873,15,['010'],2,B,0,0,,
873,874,15,['000'],0,S,0,0,,
874,875,15,['000'],0,A,0,0,,
875,876,14,['001'],1,B,0,0,,
876,877,15,['000'],0,S,0,0,,
877,878,15,['000'],0,A,0,0,,
878,879,15,['001'],1,B,0,0,,
879,880,15,['000'],0,S,0,0,,
880,881,15,['000'],0,A,0,0,,
881,882,15,['000'],0,B,0,0,,
882,883,15,['000'],0,S,0,0,,
883,884,15,['000'],0,A,0,0,,
884,885,15,['000'],0,B,0,0,,
885,886,15,['001'],1,S,0,0,,
886,887,15,['000'],0,A,0,0,,
887,888,15,['010'],2,B,0,0,,
888,889,15,['010'],2,S,0,0,,
889,890,15,['000'],0,A,0,0,,
890,891,15,['000'],0,B,0,0,,
891,892,15,['000'],0,S,0,0,,
892,893,15,['000'],0,A,0,0,,
893,894,15,['000'],0,B,0,0,,
894,895,15,['000'],0,S,0,0,,
895,896,15,['000'],0,A,0,0,,
896,897,15,['000'],0,B,0,0,,
897,898,15,['000'],0,S,0,0,,
898,899,14,['010'],2,A,0,0,,
899,900,15,['010'],2,B,0,0,,
900,901,15,['000'],0,S,0,0,,
901,902,15,['000'],0,A,0,0,,
902,903,15,['000'],0,B,0,0,,
903,904,15,['000'],0,S,0,0,,
904,905,15,['000'],0,A,0,0,,
905,906,15,['000'],0,B,0,0,,
906,907,15,['000'],0,S,0,0,,
907,908,15,['000'],0,A,0,0,,
908,909,15,['000'],0,B,0,0,,
909,910,15,['000'],0,S,0,0,,
910,911,15,['000'],0,A,0,0,,
911,912,14,['010'],2,B,0,0,,
912,913,15,['000'],0,S,0,0,,
913,914,15,['010'],2,A,0,0,,
914,915,15,['010'],2,B,0,0,,
915,916,15,['000'],0,S,0,0,,
916,917,15,['000'],0,A,0,0,,
917,918,15,['000'],0,B,0,0,,
918,919,15,['010'],2,S,0,0,,
919,920,15,['010'],2,A,0,0,,
920,921,15,['000'],0,B,0,0,,
921,922,15,['000'],0,S,0,0,,
922,923,15,['000'],0,A,0,0,,
923,924,15,['001'],1,B,0,0,,
924,925,15,['000'],0,S,0,0,,
925,926,15,['000'],0,A,0,0,,
926,927,15,['010'],2,B,0,0,,
927,928,15,['000'],0,S,0,0,,
928,929,15,['000'],0,A,0,0,,
929,930,15,['000'],0,B,0,0,,
930,931,15,['001'],1,S,0,0,,
931,932,15,['000'],0,A,0,0,,
932,933,15,['010'],2,B,0,0,,
933,934,15,['000'],0,S,0,0,,
934,935,15,['000'],0,A,0,0,,
935,936,15,['001'],1,B,0,0,,
936,937,15,['000'],0,S,0,0,,
937,938,15,['000'],0,A,0,0,,
938,939,15,['010'],2,B,0,0,,
939,940,15,['000'],0,S,0,0,,
940,941,15,['000'],0,A,0,0,,
941,942,15,['010'],2,B,0,0,,
942,943,15,['000'],0,S,0,0,,
943,944,15,['010'],2,A,0,0,,
944,945,15,['010'],2,B,0,0,,
945,946,15,['000'],0,S,0,0,,
946,947,15,['010'],2,A,0,0,,
947,948,15,['010'],2,B,0,0,,
948,949,15,['010'],2,S,0,0,,
949,950,15,['000'],0,A,0,0,,
950,951,15,['010'],2,B,0,0,,
951,952,15,['000'],0,S,0,0,,
952,953,15,['000'],0,A,0,0,,
953,954,15,['010'],2,B,0,0,,
954,955,15,['000'],0,S,0,0,,
955,956,15,['000'],0,A,0,0,,
956,957,15,['010'],2,B,0,0,,
957,958,15,['000'],0,S,0,0,,
958,959,15,['000'],0,A,0,0,,
959,960,15,['010'],2,B,0,0,,
960,961,15,['001'],1,S,0,0,,
961,962,15,['000'],0,A,0,0,,
962,963,15,['000'],0,B,0,0,,
963,964,15,['001'],1,S,0,0,,
964,965,15,['000'],0,A,0,0,,
965,966,15,['010'],2,B,0,0,,
966,967,15,['000'],0,S,0,0,,
967,968,15,['000'],0,A,0,0,,
968,969,15,['000'],0,B,0,0,,
969,970,15,['000'],0,S,0,0,,
970,971,15,['010'],2,A,0,0,,
971,972,15,['000'],0,B,0,0,,
972,973,15,['000'],0,S,0,0,,
973,974,15,['000'],0,A,0,0,,
974,975,15,['001'],1,B,0,0,,
975,976,15,['000'],0,S,0,0,,
976,977,15,['000'],0,A,0,0,,
977,978,15,['000'],0,B,0,0,,
978,979,15,['000'],0,S,0,0,,
979,980,15,['001'],1,A,0,0,,
980,981,15,['010'],2,B,0,0,,
981,982,15,['000'],0,S,0,0,,
982,983,15,['000'],0,A,0,0,,
983,984,14,['001'],1,B,0,0,,
984,985,15,['000'],0,S,0,0,,
985,986,15,['000'],0,A,0,0,,
986,987,15,['010'],2,B,0,0,,
987,988,15,['001'],1,S,0,0,,
988,989,15,['000'],0,A,0,0,,
989,990,14,['010'],2,B,0,0,,
990,991,15,['000'],0,S,0,0,,
991,992,15,['010'],2,A,0,0,,
992,993,15,['010'],2,B,0,0,,
993,994,14,['001'],1,S,0,0,,
994,995,15,['000'],0,A,0,0,,
995,996,15,['010'],2,B,0,0,,
996,997,15,['000'],0,S,0,0,,
997,998,15,['010'],2,A,0,0,,
998,999,15,['010'],2,B,0,0,,
999,1000,15,['000'],0,S,0,0,,
1000,1001,15,['000'],0,A,0,0,,
1001,1002,15,['000'],0,B,0,0,,
1002,1003,15,['000'],0,S,0,0,,
1003,1004,15,['000'],0,A,0,0,,
1004,1005,15,['010'],2,B,0,0,,
1005,1006,15,['010'],2,S,0,0,,
1006,1007,15,['010'],2,A,0,0,,
1007,1008,15,['011'],3,B,0,0,,
1008,1009,15,['000'],0,S,0,0,,
1009,1010,15,['010'],2,A,0,0,,
1010,1011,15,['000'],0,B,0,0,,
1011,1012,15,['000'],0,S,0,0,,
1012,1013,15,['001'],1,A,0,0,,
1013,1014,15,['010'],2,B,0,0,,
1014,1015,15,['000'],0,S,0,0,,
1015,1016,15,['101'],5,A,0,0,,
1016,1017,15,['000'],0,B,0,0,,
1017,1018,15,['010'],2,S,0,0,,
1018,1019,15,['010'],2,A,0,0,,
1019,1020,13,['001'],1,B,0,0,,
1020,1021,15,['000'],0,S,0,0,,
1021,1022,15,['000'],0,A,0,0,,
1022,1023,15,['000'],0,B,0,0,,
1023,1024,15,['000'],0,S,0,0,,
1024,1025,15,['000'],0,A,0,0,,
1025,1026,15,['000'],0,B,0,0,,
1026,1027,15,['000'],0,S,0,0,,
1027,1028,15,['000'],0,A,0,0,,
1028,1029,15,['001'],1,B,0,0,,
1029,1030,15,['001'],1,S,0,0,,
1030,1031,15,['010'],2,A,0,0,,
1031,1032,15,['010'],2,B,0,0,,
1032,1033,15,['000'],0,S,0,0,,
1033,1034,15,['000'],0,A,0,0,,
1034,1035,15,['010'],2,B,0,0,,
1035,1036,15,['000'],0,S,0,0,,
1036,1037,15,['000'],0,A,0,0,,
1037,1038,14,['010'],2,B,0,0,,
1038,1039,15,['010'],2,S,0,0,,
1039,1040,15,['000'],0,A,0,0,,
1040,1041,15,['001'],1,B,0,0,,
1041,1042,15,['000'],0,S,0,0,,
1042,1043,15,['000'],0,A,0,0,,
1043,1044,15,['000'],0,B,0,0,,
1044,1045,15,['000'],0,S,0,0,,
1045,1046,15,['000'],0,A,0,0,,
1046,1047,15,['000'],0,B,0,0,,
1047,1048,15,['000'],0,S,0,0,,
1048,1049,15,['010'],2,A,0,0,,
1049,1050,15,['000'],0,B,0,0,,
1050,1051,15,['001'],1,S,0,0,,
1051,1052,15,['000'],0,A,0,0,,
1052,1053,15,['010'],2,B,0,0,,
1053,1054,15,['010'],2,S,0,0,,
1054,1055,15,['000'],0,A,0,0,,
1055,1056,15,['000'],0,B,0,0,,
1056,1057,15,['000'],0,S,0,0,,
1057,1058,15,['001'],1,A,0,0,,
1058,1059,15,['000'],0,B,0,0,,
1059,1060,15,['000'],0,S,0,0,,
1060,1061,15,['010'],2,A,0,0,,
1061,1062,15,['010'],2,B,0,0,,
1062,1063,15,['010'],2,S,0,0,,
1063,1064,15,['000'],0,A,0,0,,
1064,1065,15,['010'],2,B,0,0,,
1065,1066,15,['000'],0,S,0,0,,
1066,1067,15,['000'],0,A,0,0,,
1067,1068,15,['000'],0,B,0,0,,
1068,1069,15,['000'],0,S,0,0,,
1069,1070,15,['000'],0,A,0,0,,
1070,1071,15,['000'],0,B,0,0,,
1071,1072,15,['000'],0,S,0,0,,
1072,1073,15,['001'],1,A,0,0,,
1073,1074,15,['010'],2,B,0,0,,
1074,1075,15,['000'],0,S,0,0,,
1075,1076,15,['000'],0,A,0,0,,
1076,1077,13,['010'],2,B,0,0,,
1077,1078,15,['001'],1,S,0,0,,
1078,1079,15,['000'],0,A,0,0,,
1079,1080,15,['010'],2,B,0,0,,
1080,1081,15,['010'],2,S,0,0,,
1081,1082,15,['000'],0,A,0,0,,
1082,1083,15,['001'],1,B,0,0,,
1083,1084,15,['000'],0,S,0,0,,
1084,1085,15,['000'],0,A,0,0,,
1085,1086,15,['000'],0,B,0,0,,
1086,1087,15,['000'],0,S,0,0,,
1087,1088,15,['000'],0,A,0,0,,
1088,1089,15,['001'],1,B,0,0,,
1089,1090,15,['000'],0,S,0,0,,
1090,1091,15,['101'],5,A,0,0,,
1091,1092,15,['001'],1,B,0,0,,
1092,1093,15,['000'],0,S,0,0,,
1093,1094,15,['001'],1,A,0,0,,
1094,1095,15,['000'],0,B,0,0,,
1095,1096,15,['000'],0,S,0,0,,
1096,1097,15,['000'],0,A,0,0,,
1097,1098,15,['010'],2,B,0,0,,
1098,1099,15,['001'],1,S,0,0,,
1099,1100,15,['000'],0,A,0,0,,
1100,1101,15,['010'],2,B,0,0,,
1101,1102,15,['000'],0,S,0,0,,
1102,1103,15,['000'],0,A,0,0,,
1103,1104,15,['000'],0,B,0,0,,
1104,1105,15,['000'],0,S,0,0,,
1105,1106,15,['000'],0,A,0,0,,
1106,1107,15,['010'],2,B,0,0,,
1107,1108,15,['010'],2,S,0,0,,
1108,1109,15,['000'],0,A,0,0,,
1109,1110,15,['000'],0,B,0,0,,
1110,1111,15,['000'],0,S,0,0,,
1111,1112,15,['001'],1,A,0,0,,
1112,1113,15,['010'],2,B,0,0,,
1113,1114,15,['000'],0,S,0,0,,
1114,1115,15,['000'],0,A,0,0,,
1115,1116,14,['010'],2,B,0,0,,
1116,1117,15,['000'],0,S,0,0,,
1117,1118,15,['000'],0,A,0,0,,
1118,1119,15,['000'],0,B,0,0,,
1119,1120,15,['010'],2,S,0,0,,
1120,1121,15,['000'],0,A,0,0,,
1121,1122,15,['001'],1,B,0,0,,
1122,1123,15,['000'],0,S,0,0,,
1123,1124,15,['000'],0,A,0,0,,
1124,1125,15,['010'],2,B,0,0,,
1125,1126,15,['000'],0,S,0,0,,
1126,1127,15,['000'],0,A,0,0,,
1127,1128,15,['010'],2,B,0,0,,
1128,1129,15,['000'],0,S,0,0,,
1129,1130,15,['000'],0,A,0,0,,
1130,1131,15,['000'],0,B,0,0,,
1131,1132,15,['000'],0,S,0,0,,
1132,1133,15,['000'],0,A,0,0,,
1133,1134,15,['001'],1,B,0,0,,
1134,1135,15,['000'],0,S,0,0,,
1135,1136,15,['000'],0,A,0,0,,
1136,1137,15,['010'],2,B,0,0,,
1137,1138,15,['000'],0,S,0,0,,
1138,1139,15,['010'],2,A,0,0,,
1139,1140,15,['001'],1,B,0,0,,
1140,1141,15,['010'],2,S,0,0,,
1141,1142,15,['000'],0,A,0,0,,
1142,1143,15,['010'],2,B,0,0,,
1143,1144,15,['010'],2,S,0,0,,
1144,1145,15,['001'],1,A,0,0,,
1145,1146,15,['001'],1,B,0,0,,
1146,1147,15,['000'],0,S,0,0,,
1147,1148,15,['000'],0,A,0,0,,
1148,1149,15,['001'],1,B,0,0,,
1149,1150,15,['000'],0,S,0,0,,
1150,1151,15,['000'],0,A,0,0,,
1151,1152,15,['010'],2,B,0,0,,
1152,1153,15,['000'],0,S,0,0,,
1153,1154,15,['010'],2,A,0,0,,
1154,1155,15,['000'],0,B,0,0,,
1155,1156,15,['000'],0,S,0,0,,
1156,1157,15,['000'],0,A,0,0,,
1157,1158,15,['000'],0,B,0,0,,
1158,1159,15,['000'],0,S,0,0,,
1159,1160,15,['010'],2,A,0,0,,
1160,1161,15,['010'],2,B,0,0,,
1161,1162,15,['000'],0,S,0,0,,
1162,1163,15,['000'],0,A,0,0,,
1163,1164,15,['010'],2,B,0,0,,
1164,1165,15,['000'],0,S,0,0,,
1165,1166,15,['000'],0,A,0,0,,
1166,1167,15,['000'],0,B,0,0,,
1167,1168,15,['000'],0,S,0,0,,
1168,1169,15,['001'],1,A,0,0,,
1169,1170,15,['010'],2,B,0,0,,
1170,1171,15,['000'],0,S,0,0,,
1171,1172,15,['000'],0,A,0,0,,
1172,1173,15,['000'],0,B,0,0,,
1173,1174,15,['000'],0,S,0,0,,
1174,1175,15,['001'],1,A,0,0,,
1175,1176,15,['110'],6,B,0,0,,
1176,1177,15,['000'],0,S,0,0,,
1177,1178,15,['000'],0,A,0,0,,
1178,1179,15,['001'],1,B,0,0,,
1179,1180,15,['000'],0,S,0,0,,
1180,1181,15,['010'],2,A,0,0,,
1181,1182,15,['000'],0,B,0,0,,
1182,1183,15,['000'],0,S,0,0,,
1183,1184,15,['010'],2,A,0,0,,
1184,1185,15,['010'],2,B,0,0,,
1185,1186,15,['000'],0,S,0,0,,
1186,1187,15,['001'],1,A,0,0,,
1187,1188,15,['010'],2,B,0,0,,
1188,1189,15,['010'],2,S,0,0,,
1189,1190,15,['001'],1,A,0,0,,
1190,1191,15,['010'],2,B,0,0,,
1191,1192,15,['000'],0,S,0,0,,
1192,1193,15,['000'],0,A,0,0,,
1193,1194,15,['010'],2,B,0,0,,
1194,1195,15,['000'],0,S,0,0,,
1195,1196,15,['000'],0,A,0,0,,
1196,1197,15,['000'],0,B,0,0,,
1197,1198,14,['010'],2,S,0,0,,
1198,1199,15,['000'],0,A,0,0,,
1199,1200,15,['000'],0,B,0,0,,
1200,1201,15,['000'],0,S,0,0,,
1201,1202,15,['000'],0,A,0,0,,
1202,1203,15,['010'],2,B,0,0,,
1203,1204,15,['000'],0,S,0,0,,
1204,1205,15,['000'],0,A,0,0,,
1205,1206,15,['000'],0,B,0,0,,
1206,1207,15,['000'],0,S,0,0,,
1207,1208,15,['000'],0,A,0,0,,
1208,1209,15,['010'],2,B,0,0,,
1209,1210,15,['000'],0,S,0,0,,
1210,1211,15,['000'],0,A,0,0,,
1211,1212,15,['010'],2,B,0,0,,
1212,1213,15,['001'],1,S,0,0,,
1213,1214,15,['000'],0,A,0,0,,
1214,1215,15,['000'],0,B,0,0,,
1215,1216,15,['001'],1,S,0,0,,
1216,1217,15,['000'],0,A,0,0,,
1217,1218,15,['000'],0,B,0,0,,
1218,1219,15,['001'],1,S,0,0,,
1219,1220,15,['010'],2,A,0,0,,
1220,1221,15,['000'],0,B,0,0,,
1221,1222,15,['000'],0,S,0,0,,
1222,1223,15,['010'],2,A,0,0,,
1223,1224,14,['001'],1,B,0,0,,
1224,1225,15,['010'],2,S,0,0,,
1225,1226,15,['000'],0,A,0,0,,
1226,1227,14,['001'],1,B,0,0,,
1227,1228,15,['000'],0,S,0,0,,
1228,1229,15,['000'],0,A,0,0,,
1229,1230,15,['010'],2,B,0,0,,
1230,1231,15,['010'],2,S,0,0,,
1231,1232,15,['010'],2,A,0,0,,
1232,1233,15,['010'],2,B,0,0,,
1233,1234,15,['000'],0,S,0,0,,
1234,1235,15,['000'],0,A,0,0,,
1235,1236,15,['001'],1,B,0,0,,
1236,1237,15,['000'],0,S,0,0,,
1237,1238,15,['000'],0,A,0,0,,
1238,1239,15,['001'],1,B,0,0,,
1239,1240,15,['000'],0,S,0,0,,
1240,1241,15,['000'],0,A,0,0,,
1241,1242,15,['000'],0,B,0,0,,
1242,1243,15,['000'],0,S,0,0,,
1243,1244,15,['010'],2,A,0,0,,
1244,1245,15,['001'],1,B,0,0,,
1245,1246,15,['000'],0,S,0,0,,
1246,1247,15,['000'],0,A,0,0,,
1247,1248,15,['000'],0,B,0,0,,
1248,1249,15,['000'],0,S,0,0,,
1249,1250,15,['010'],2,A,0,0,,
1250,1251,14,['001'],1,B,0,0,,
1251,1252,15,['000'],0,S,0,0,,
1252,1253,15,['000'],0,A,0,0,,
1253,1254,15,['000'],0,B,0,0,,
1254,1255,15,['000'],0,S,0,0,,
1255,1256,15,['000'],0,A,0,0,,
1256,1257,15,['000'],0,B,0,0,,
1257,1258,15,['000'],0,S,0,0,,
1258,1259,15,['000'],0,A,0,0,,
1259,1260,15,['001'],1,B,0,0,,
1260,1261,15,['010'],2,S,0,0,,
1261,1262,15,['000'],0,A,0,0,,
1262,1263,15,['001'],1,B,0,0,,
1263,1264,15,['000'],0,S,0,0,,
1264,1265,15,['000'],0,A,0,0,,
1265,1266,15,['000'],0,B,0,0,,
1266,1267,15,['000'],0,S,0,0,,
1267,1268,15,['000'],0,A,0,0,,
1268,1269,15,['000'],0,B,0,0,,
1269,1270,15,['000'],0,S,0,0,,
1270,1271,15,['000'],0,A,0,0,,
1271,1272,15,['000'],0,B,0,0,,
1272,1273,15,['010'],2,S,0,0,,
1273,1274,15,['000'],0,A,0,0,,
1274,1275,15,['001'],1,B,0,0,,
1275,1276,15,['010'],2,S,0,0,,
1276,1277,15,['000'],0,A,0,0,,
1277,1278,15,['000'],0,B,0,0,,
1278,1279,15,['000'],0,S,0,0,,
1279,1280,15,['000'],0,A,0,0,,
1280,1281,15,['001'],1,B,0,0,,
1281,1282,15,['001'],1,S,0,0,,
1282,1283,15,['000'],0,A,0,0,,
1283,1284,15,['010'],2,B,0,0,,
1284,1285,15,['000'],0,S,0,0,,
1285,1286,15,['000'],0,A,0,0,,
1286,1287,15,['010'],2,B,0,0,,
1287,1288,15,['000'],0,S,0,0,,
1288,1289,15,['000'],0,A,0,0,,
1289,1290,15,['000'],0,B,0,0,,
1290,1291,15,['000'],0,S,0,0,,
1291,1292,15,['000'],0,A,0,0,,
1292,1293,15,['000'],0,B,0,0,,
1293,1294,15,['000'],0,S,0,0,,
1294,1295,15,['000'],0,A,0,0,,
1295,1296,15,['000'],0,B,0,0,,
1296,1297,15,['000'],0,S,0,0,,
1297,1298,15,['000'],0,A,0,0,,
1298,1299,15,['010'],2,B,0,0,,
1299,1300,15,['000'],0,S,0,0,,
1300,1301,15,['000'],0,A,0,0,,
1301,1302,15,['000'],0,B,0,0,,
1302,1303,14,['001'],1,S,0,0,,
1303,1304,15,['000'],0,A,0,0,,
1304,1305,15,['000'],0,B,0,0,,
1305,1306,15,['000'],0,S,0,0,,
1306,1307,15,['000'],0,A,0,0,,
1307,1308,15,['000'],0,B,0,0,,
1308,1309,15,['000'],0,S,0,0,,
1309,1310,15,['010'],2,A,0,0,,
1310,1311,15,['010'],2,B,0,0,,
1311,1312,15,['000'],0,S,0,0,,
1312,1313,15,['010'],2,A,0,0,,
1313,1314,15,['000'],0,B,0,0,,
1314,1315,15,['000'],0,S,0,0,,
1315,1316,15,['000'],0,A,0,0,,
1316,1317,15,['010'],2,B,0,0,,
1317,1318,15,['000'],0,S,0,0,,
1318,1319,15,['010'],2,A,0,0,,
1319,1320,15,['001'],1,B,0,0,,
1320,1321,15,['000'],0,S,0,0,,
1321,1322,15,['010'],2,A,0,0,,
1322,1323,13,['001'],1,B,0,0,,
1323,1324,15,['000'],0,S,0,0,,
1324,1325,15,['000'],0,A,0,0,,
1325,1326,15,['000'],0,B,0,0,,
1326,1327,15,['000'],0,S,0,0,,
1327,1328,15,['000'],0,A,0,0,,
1328,1329,15,['000'],0,B,0,0,,
1329,1330,15,['001'],1,S,0,0,,
1330,1331,15,['000'],0,A,0,0,,
1331,1332,13,['001'],1,B,0,0,,
1332,1333,15,['000'],0,S,0,0,,
1333,1334,15,['001'],1,A,0,0,,
1334,1335,15,['010'],2,B,0,0,,
1335,1336,15,['000'],0,S,0,0,,
1336,1337,15,['000'],0,A,0,0,,
1337,1338,15,['001'],1,B,0,0,,
1338,1339,15,['000'],0,S,0,0,,
1339,1340,15,['000'],0,A,0,0,,
1340,1341,15,['000'],0,B,0,0,,
1341,1342,15,['000'],0,S,0,0,,
1342,1343,15,['010'],2,A,0,0,,
1343,1344,15,['000'],0,B,0,0,,
1344,1345,15,['000'],0,S,0,0,,
1345,1346,15,['010'],2,A,0,0,,
1346,1347,15,['010'],2,B,0,0,,
1347,1348,15,['000'],0,S,0,0,,
1348,1349,15,['010'],2,A,0,0,,
1349,1350,15,['010'],2,B,0,0,,
1350,1351,15,['000'],0,S,0,0,,
1351,1352,15,['001'],1,A,0,0,,
1352,1353,15,['000'],0,B,0,0,,
1353,1354,15,['000'],0,S,0,0,,
1354,1355,15,['001'],1,A,0,0,,
1355,1356,15,['010'],2,B,0,0,,
1356,1357,15,['000'],0,S,0,0,,
1357,1358,15,['010'],2,A,0,0,,
1358,1359,15,['010'],2,B,0,0,,
1359,1360,15,['000'],0,S,0,0,,
1360,1361,15,['000'],0,A,0,0,,
1361,1362,15,['010'],2,B,0,0,,
1362,1363,15,['000'],0,S,0,0,,
1363,1364,15,['000'],0,A,0,0,,
1364,1365,13,['010'],2,B,0,0,,
1365,1366,15,['000'],0,S,0,0,,
1366,1367,15,['000'],0,A,0,0,,
1367,1368,15,['000'],0,B,0,0,,
1368,1369,15,['000'],0,S,0,0,,
1369,1370,15,['000'],0,A,0,0,,
1370,1371,15,['000'],0,B,0,0,,
1371,1372,15,['000'],0,S,0,0,,
1372,1373,15,['000'],0,A,0,0,,
1373,1374,15,['010'],2,B,0,0,,
1374,1375,15,['000'],0,S,0,0,,
1375,1376,15,['000'],0,A,0,0,,
1376,1377,15,['000'],0,B,0,0,,
1377,1378,15,['010'],2,S,0,0,,
1378,1379,15,['000'],0,A,0,0,,
1379,1380,14,['010'],2,B,0,0,,
1380,1381,15,['000'],0,S,0,0,,
1381,1382,15,['000'],0,A,0,0,,
1382,1383,15,['000'],0,B,0,0,,
1383,1384,15,['010'],2,S,0,0,,
1384,1385,15,['000'],0,A,0,0,,
1385,1386,15,['010'],2,B,0,0,,
1386,1387,15,['000'],0,S,0,0,,
1387,1388,15,['000'],0,A,0,0,,
1388,1389,15,['010'],2,B,0,0,,
1389,1390,15,['000'],0,S,0,0,,
1390,1391,15,['000'],0,A,0,0,,
1391,1392,14,['001'],1,B,0,0,,
1392,1393,15,['010'],2,S,0,0,,
1393,1394,15,['000'],0,A,0,0,,
1394,1395,14,['010'],2,B,0,0,,
1395,1396,15,['000'],0,S,0,0,,
1396,1397,15,['000'],0,A,0,0,,
1397,1398,15,['010'],2,B,0,0,,
1398,1399,15,['000'],0,S,0,0,,
1399,1400,15,['000'],0,A,0,0,,
1400,1401,15,['010'],2,B,0,0,,
1401,1402,15,['000'],0,S,0,0,,
1402,1403,15,['000'],0,A,0,0,,
1403,1404,13,['001'],1,B,0,0,,
1404,1405,15,['000'],0,S,0,0,,
1405,1406,15,['010'],2,A,0,0,,
1406,1407,15,['010'],2,B,0,0,,
1407,1408,15,['000'],0,S,0,0,,
1408,1409,15,['000'],0,A,0,0,,
1409,1410,15,['010'],2,B,0,0,,
1410,1411,15,['000'],0,S,0,0,,
1411,1412,15,['000'],0,A,0,0,,
1412,1413,14,['001'],1,B,0,0,,
1413,1414,15,['000'],0,S,0,0,,
1414,1415,15,['000'],0,A,0,0,,
1415,1416,14,['010'],2,B,0,0,,
1416,1417,15,['000'],0,S,0,0,,
1417,1418,15,['000'],0,A,0,0,,
1418,1419,15,['010'],2,B,0,0,,
1419,1420,15,['000'],0,S,0,0,,
1420,1421,15,['000'],0,A,0,0,,
1421,1422,14,['010'],2,B,0,0,,
1422,1423,15,['000'],0,S,0,0,,
1423,1424,15,['000'],0,A,0,0,,
1424,1425,15,['010'],2,B,0,0,,
1425,1426,15,['000'],0,S,0,0,,
1426,1427,15,['101'],5,A,0,0,,
1427,1428,14,['010'],2,B,0,0,,
1428,1429,15,['000'],0,S,0,0,,
1429,1430,15,['010'],2,A,0,0,,
1430,1431,15,['010'],2,B,0,0,,
1431,1432,15,['000'],0,S,0,0,,
1432,1433,15,['000'],0,A,0,0,,
1433,1434,15,['010'],2,B,0,0,,
1434,1435,15,['000'],0,S,0,0,,
1435,1436,15,['000'],0,A,0,0,,
1436,1437,15,['000'],0,B,0,0,,
1437,1438,15,['000'],0,S,0,0,,
1438,1439,15,['000'],0,A,0,0,,
1439,1440,15,['000'],0,B,0,0,,
1440,1441,15,['000'],0,S,0,0,,
1441,1442,15,['000'],0,A,0,0,,
1442,1443,15,['010'],2,B,0,0,,
1443,1444,15,['010'],2,S,0,0,,
1444,1445,15,['010'],2,A,0,0,,
1445,1446,15,['010'],2,B,0,0,,
1446,1447,15,['000'],0,S,0,0,,
1447,1448,15,['000'],0,A,0,0,,
1448,1449,15,['010'],2,B,0,0,,
1449,1450,15,['000'],0,S,0,0,,
1450,1451,15,['001'],1,A,0,0,,
1451,1452,15,['010'],2,B,0,0,,
1452,1453,15,['000'],0,S,0,0,,
1453,1454,15,['000'],0,A,0,0,,
1454,1455,15,['010'],2,B,0,0,,
1455,1456,15,['010'],2,S,0,0,,
1456,1457,15,['000'],0,A,0,0,,
1457,1458,15,['010'],2,B,0,0,,
1458,1459,15,['000'],0,S,0,0,,
1459,1460,15,['000'],0,A,0,0,,
1460,1461,15,['001'],1,B,0,0,,
1461,1462,15,['001'],1,S,0,0,,
1462,1463,15,['000'],0,A,0,0,,
1463,1464,15,['001'],1,B,0,0,,
1464,1465,15,['000'],0,S,0,0,,
1465,1466,15,['000'],0,A,0,0,,
1466,1467,15,['001'],1,B,0,0,,
1467,1468,15,['000'],0,S,0,0,,
1468,1469,15,['010'],2,A,0,0,,
1469,1470,14,['001'],1,B,0,0,,
1470,1471,15,['010'],2,S,0,0,,
1471,1472,15,['000'],0,A,0,0,,
1472,1473,15,['000'],0,B,0,0,,
1473,1474,15,['000'],0,S,0,0,,
1474,1475,15,['000'],0,A,0,0,,
1475,1476,15,['001'],1,B,0,0,,
1476,1477,15,['010'],2,S,0,0,,
1477,1478,15,['000'],0,A,0,0,,
1478,1479,15,['000'],0,B,0,0,,
1479,1480,15,['000'],0,S,0,0,,
1480,1481,15,['010'],2,A,0,0,,
1481,1482,15,['010'],2,B,0,0,,
1482,1483,15,['000'],0,S,0,0,,
1483,1484,15,['000'],0,A,0,0,,
1484,1485,15,['010'],2,B,0,0,,
1485,1486,15,['001'],1,S,0,0,,
1486,1487,15,['000'],0,A,0,0,,
1487,1488,15,['000'],0,B,0,0,,
1488,1489,15,['000'],0,S,0,0,,
1489,1490,15,['010'],2,A,0,0,,
1490,1491,14,['010'],2,B,0,0,,
1491,1492,15,['000'],0,S,0,0,,
1492,1493,15,['001'],1,A,0,0,,
1493,1494,14,['010'],2,B,0,0,,
1494,1495,15,['000'],0,S,0,0,,
1495,1496,15,['000'],0,A,0,0,,
1496,1497,15,['000'],0,B,0,0,,
1497,1498,15,['000'],0,S,0,0,,
1498,1499,15,['000'],0,A,0,0,,
1499,1500,15,['010'],2,B,0,0,,
1500,1501,15,['000'],0,S,0,0,,
1501,1502,15,['000'],0,A,0,0,,
1502,1503,15,['000'],0,B,0,0,,
1503,1504,15,['000'],0,S,0,0,,
1504,1505,15,['000'],0,A,0,0,,
1505,1506,15,['000'],0,B,0,0,,
1506,1507,15,['000'],0,S,0,0,,
1507,1508,15,['010'],2,A,0,0,,
1508,1509,15,['010'],2,B,0,0,,
1509,1510,15,['000'],0,S,0,0,,
1510,1511,15,['001'],1,A,0,0,,
1511,1512,15,['000'],0,B,0,0,,
1512,1513,15,['010'],2,S,0,0,,
1513,1514,15,['000'],0,A,0,0,,
1514,1515,15,['010'],2,B,0,0,,
1515,1516,15,['000'],0,S,0,0,,
1516,1517,15,['000'],0,A,0,0,,
1517,1518,15,['010'],2,B,0,0,,
1518,1519,15,['000'],0,S,0,0,,
1519,1520,15,['010'],2,A,0,0,,
1520,1521,15,['000'],0,B,0,0,,
1521,1522,15,['000'],0,S,0,0,,
1522,1523,15,['010'],2,A,0,0,,
1523,1524,15,['010'],2,B,0,0,,
1524,1525,15,['000'],0,S,0,0,,
1525,1526,15,['000'],0,A,0,0,,
1526,1527,15,['010'],2,B,0,0,,
1527,1528,15,['000'],0,S,0,0,,
1528,1529,15,['000'],0,A,0,0,,
1529,1530,15,['000'],0,B,0,0,,
1530,1531,15,['000'],0,S,0,0,,
1531,1532,15,['000'],0,A,0,0,,
1532,1533,15,['001'],1,B,0,0,,
1533,1534,15,['000'],0,S,0,0,,
1534,1535,15,['010'],2,A,0,0,,
1535,1536,15,['010'],2,B,0,0,,
1536,1537,15,['000'],0,S,0,0,,
1537,1538,15,['000'],0,A,0,0,,
1538,1539,15,['000'],0,B,0,0,,
1539,1540,15,['000'],0,S,0,0,,
1540,1541,15,['010'],2,A,0,0,,
1541,1542,15,['010'],2,B,0,0,,
1542,1543,15,['000'],0,S,0,0,,
1543,1544,15,['000'],0,A,0,0,,
1544,1545,15,['001'],1,B,0,0,,
1545,1546,15,['000'],0,S,0,0,,
1546,1547,15,['000'],0,A,0,0,,
1547,1548,15,['000'],0,B,0,0,,
1548,1549,15,['010'],2,S,0,0,,
1549,1550,15,['001'],1,A,0,0,,
1550,1551,15,['010'],2,B,0,0,,
1551,1552,15,['000'],0,S,0,0,,
1552,1553,15,['000'],0,A,0,0,,
1553,1554,15,['010'],2,B,0,0,,
1554,1555,15,['000'],0,S,0,0,,
1555,1556,15,['000'],0,A,0,0,,
1556,1557,15,['111'],7,B,0,0,,
1557,1558,15,['001'],1,S,0,0,,
1558,1559,15,['000'],0,A,0,0,,
1559,1560,15,['001'],1,B,0,0,,
1560,1561,15,['000'],0,S,0,0,,
1561,1562,15,['000'],0,A,0,0,,
1562,1563,15,['000'],0,B,0,0,,
1563,1564,15,['000'],0,S,0,0,,
1564,1565,15,['001'],1,A,0,0,,
1565,1566,15,['000'],0,B,0,0,,
1566,1567,15,['000'],0,S,0,0,,
1567,1568,15,['000'],0,A,0,0,,
1568,1569,15,['000'],0,B,0,0,,
1569,1570,15,['000'],0,S,0,0,,
1570,1571,15,['000'],0,A,0,0,,
1571,1572,15,['001'],1,B,0,0,,
1572,1573,15,['000'],0,S,0,0,,
1573,1574,15,['000'],0,A,0,0,,
1574,1575,15,['000'],0,B,0,0,,
1575,1576,15,['000'],0,S,0,0,,
1576,1577,15,['000'],0,A,0,0,,
1577,1578,15,['010'],2,B,0,0,,
1578,1579,15,['000'],0,S,0,0,,
1579,1580,15,['000'],0,A,0,0,,
1580,1581,15,['000'],0,B,0,0,,
1581,1582,15,['001'],1,S,0,0,,
1582,1583,15,['010'],2,A,0,0,,
1583,1584,15,['000'],0,B,0,0,,
1584,1585,15,['000'],0,S,0,0,,
1585,1586,15,['000'],0,A,0,0,,
1586,1587,15,['010'],2,B,0,0,,
1587,1588,15,['000'],0,S,0,0,,
1588,1589,15,['000'],0,A,0,0,,
1589,1590,15,['001'],1,B,0,0,,
1590,1591,15,['000'],0,S,0,0,,
1591,1592,15,['000'],0,A,0,0,,
1592,1593,15,['001'],1,B,0,0,,
1593,1594,15,['000'],0,S,0,0,,
1594,1595,15,['001'],1,A,0,0,,
1595,1596,15,['000'],0,B,0,0,,
1596,1597,15,['000'],0,S,0,0,,
1597,1598,15,['010'],2,A,0,0,,
1598,1599,15,['000'],0,B,0,0,,
1599,1600,15,['000'],0,S,0,0,,
1600,1601,15,['000'],0,A,0,0,,
1601,1602,15,['010'],2,B,0,0,,
1602,1603,15,['000'],0,S,0,0,,
1603,1604,15,['000'],0,A,0,0,,
1604,1605,15,['000'],0,B,0,0,,
1605,1606,15,['000'],0,S,0,0,,
1606,1607,15,['000'],0,A,0,0,,
1607,1608,15,['000'],0,B,0,0,,
1608,1609,15,['000'],0,S,0,0,,
1609,1610,15,['010'],2,A,0,0,,
1610,1611,14,['010'],2,B,0,0,,
1611,1612,15,['000'],0,S,0,0,,
1612,1613,15,['000'],0,A,0,0,,
1613,1614,15,['000'],0,B,0,0,,
1614,1615,15,['010'],2,S,0,0,,
1615,1616,15,['001'],1,A,0,0,,
1616,1617,15,['001'],1,B,0,0,,
1617,1618,15,['010'],2,S,0,0,,
1618,1619,15,['000'],0,A,0,0,,
1619,1620,15,['000'],0,B,0,0,,
1620,1621,15,['000'],0,S,0,0,,
1621,1622,15,['000'],0,A,0,0,,
1622,1623,15,['010'],2,B,0,0,,
1623,1624,15,['000'],0,S,0,0,,
1624,1625,15,['001'],1,A,0,0,,
1625,1626,15,['000'],0,B,0,0,,
1626,1627,15,['000'],0,S,0,0,,
1627,1628,15,['000'],0,A,0,0,,
1628,1629,15,['010'],2,B,0,0,,
1629,1630,15,['000'],0,S,0,0,,
1630,1631,15,['000'],0,A,0,0,,
1631,1632,15,['010'],2,B,0,0,,
1632,1633,15,['000'],0,S,0,0,,
1633,1634,15,['000'],0,A,0,0,,
1634,1635,15,['001'],1,B,0,0,,
1635,1636,15,['000'],0,S,0,0,,
1636,1637,15,['000'],0,A,0,0,,
1637,1638,15,['000'],0,B,0,0,,
1638,1639,15,['001'],1,S,0,0,,
1639,1640,15,['000'],0,A,0,0,,
1640,1641,15,['000'],0,B,0,0,,
1641,1642,15,['000'],0,S,0,0,,
1642,1643,15,['000'],0,A,0,0,,
1643,1644,15,['000'],0,B,0,0,,
1644,1645,15,['000'],0,S,0,0,,
1645,1646,15,['000'],0,A,0,0,,
1646,1647,14,['010'],2,B,0,0,,
1647,1648,15,['000'],0,S,0,0,,
1648,1649,15,['000'],0,A,0,0,,
1649,1650,15,['010'],2,B,0,0,,
1650,1651,15,['000'],0,S,0,0,,
1651,1652,15,['001'],1,A,0,0,,
1652,1653,13,['010'],2,B,0,0,,
1653,1654,15,['000'],0,S,0,0,,
1654,1655,15,['000'],0,A,0,0,,
1655,1656,15,['001'],1,B,0,0,,
1656,1657,15,['010'],2,S,0,0,,
1657,1658,15,['000'],0,A,0,0,,
1658,1659,14,['001'],1,B,0,0,,
1659,1660,15,['000'],0,S,0,0,,
1660,1661,15,['000'],0,A,0,0,,
1661,1662,14,['010'],2,B,0,0,,
1662,1663,15,['000'],0,S,0,0,,
1663,1664,15,['010'],2,A,0,0,,
1664,1665,15,['000'],0,B,0,0,,
1665,1666,15,['000'],0,S,0,0,,
1666,1667,15,['000'],0,A,0,0,,
1667,1668,15,['000'],0,B,0,0,,
1668,1669,15,['000'],0,S,0,0,,
1669,1670,15,['000'],0,A,0,0,,
1670,1671,15,['010'],2,B,0,0,,
1671,1672,15,['000'],0,S,0,0,,
1672,1673,15,['000'],0,A,0,0,,
1673,1674,15,['010'],2,B,0,0,,
1674,1675,15,['010'],2,S,0,0,,
1675,1676,15,['000'],0,A,0,0,,
1676,1677,15,['000'],0,B,0,0,,
1677,1678,15,['000'],0,S,0,0,,
1678,1679,15,['001'],1,A,0,0,,
1679,1680,15,['000'],0,B,0,0,,
1680,1681,15,['000'],0,S,0,0,,
1681,1682,15,['000'],0,A,0,0,,
1682,1683,14,['001'],1,B,0,0,,
1683,1684,15,['000'],0,S,0,0,,
1684,1685,15,['000'],0,A,0,0,,
1685,1686,15,['000'],0,B,0,0,,
1686,1687,15,['010'],2,S,0,0,,
1687,1688,15,['010'],2,A,0,0,,
1688,1689,15,['000'],0,B,0,0,,
1689,1690,15,['000'],0,S,0,0,,
1690,1691,15,['010'],2,A,0,0,,
1691,1692,15,['100'],4,B,0,0,,
1692,1693,15,['001'],1,S,0,0,,
1693,1694,15,['000'],0,A,0,0,,
1694,1695,15,['010'],2,B,0,0,,
1695,1696,15,['000'],0,S,0,0,,
1696,1697,15,['010'],2,A,0,0,,
1697,1698,15,['010'],2,B,0,0,,
1698,1699,15,['000'],0,S,0,0,,
1699,1700,15,['000'],0,A,0,0,,
1700,1701,15,['010'],2,B,0,0,,
1701,1702,15,['000'],0,S,0,0,,
1702,1703,15,['001'],1,A,0,0,,
1703,1704,14,['010'],2,B,0,0,,
1704,1705,15,['010'],2,S,0,0,,
1705,1706,15,['000'],0,A,0,0,,
1706,1707,15,['001'],1,B,0,0,,
1707,1708,15,['000'],0,S,0,0,,
1708,1709,15,['000'],0,A,0,0,,
1709,1710,15,['000'],0,B,0,0,,
1710,1711,15,['000'],0,S,0,0,,
1711,1712,15,['000'],0,A,0,0,,
1712,1713,15,['010'],2,B,0,0,,
1713,1714,15,['000'],0,S,0,0,,
1714,1715,15,['001'],1,A,0,0,,
1715,1716,15,['000'],0,B,0,0,,
1716,1717,15,['000'],0,S,0,0,,
1717,1718,15,['000'],0,A,0,0,,
1718,1719,15,['010'],2,B,0,0,,
1719,1720,15,['000'],0,S,0,0,,
1720,1721,15,['000'],0,A,0,0,,
1721,1722,15,['010'],2,B,0,0,,
1722,1723,15,['010'],2,S,0,0,,
1723,1724,15,['000'],0,A,0,0,,
1724,1725,15,['010'],2,B,0,0,,
1725,1726,15,['000'],0,S,0,0,,
1726,1727,15,['001'],1,A,0,0,,
1727,1728,15,['000'],0,B,0,0,,
1728,1729,15,['000'],0,S,0,0,,
1729,1730,15,['010'],2,A,0,0,,
1730,1731,15,['001'],1,B,0,0,,
1731,1732,15,['001'],1,S,0,0,,
1732,1733,15,['000'],0,A,0,0,,
1733,1734,15,['010'],2,B,0,0,,
1734,1735,15,['000'],0,S,0,0,,
1735,1736,15,['000'],0,A,0,0,,
1736,1737,15,['000'],0,B,0,0,,
1737,1738,15,['000'],0,S,0,0,,
1738,1739,15,['000'],0,A,0,0,,
1739,1740,15,['010'],2,B,0,0,,
1740,1741,15,['010'],2,S,0,0,,
1741,1742,15,['000'],0,A,0,0,,
1742,1743,15,['010'],2,B,0,0,,
1743,1744,15,['010'],2,S,0,0,,
1744,1745,15,['001'],1,A,0,0,,
1745,1746,15,['000'],0,B,0,0,,
1746,1747,15,['000'],0,S,0,0,,
1747,1748,15,['000'],0,A,0,0,,
1748,1749,15,['010'],2,B,0,0,,
1749,1750,15,['000'],0,S,0,0,,
1750,1751,15,['000'],0,A,0,0,,
1751,1752,15,['000'],0,B,0,0,,
1752,1753,15,['000'],0,S,0,0,,
1753,1754,15,['000'],0,A,0,0,,
1754,1755,15,['010'],2,B,0,0,,
1755,1756,15,['000'],0,S,0,0,,
1756,1757,15,['000'],0,A,0,0,,
1757,1758,15,['001'],1,B,0,0,,
1758,1759,15,['000'],0,S,0,0,,
1759,1760,15,['000'],0,A,0,0,,
1760,1761,15,['010'],2,B,0,0,,
1761,1762,15,['000'],0,S,0,0,,
1762,1763,15,['000'],0,A,0,0,,
1763,1764,15,['001'],1,B,0,0,,
1764,1765,15,['000'],0,S,0,0,,
1765,1766,15,['000'],0,A,0,0,,
1766,1767,15,['001'],1,B,0,0,,
1767,1768,15,['000'],0,S,0,0,,
1768,1769,15,['000'],0,A,0,0,,
1769,1770,15,['000'],0,B,0,0,,
1770,1771,15,['010'],2,S,0,0,,
1771,1772,15,['000'],0,A,0,0,,
1772,1773,15,['001'],1,B,0,0,,
1773,1774,15,['000'],0,S,0,0,,
1774,1775,15,['000'],0,A,0,0,,
1775,1776,15,['010'],2,B,0,0,,
1776,1777,15,['000'],0,S,0,0,,
1777,1778,15,['010'],2,A,0,0,,
1778,1779,15,['000'],0,B,0,0,,
1779,1780,15,['000'],0,S,0,0,,
1780,1781,15,['000'],0,A,0,0,,
1781,1782,15,['010'],2,B,0,0,,
1782,1783,15,['000'],0,S,0,0,,
1783,1784,15,['001'],1,A,0,0,,
1784,1785,15,['010'],2,B,0,0,,
1785,1786,15,['000'],0,S,0,0,,
1786,1787,15,['000'],0,A,0,0,,
1787,1788,15,['010'],2,B,0,0,,
1788,1789,15,['000'],0,S,0,0,,
1789,1790,15,['000'],0,A,0,0,,
1790,1791,15,['000'],0,B,0,0,,
1791,1792,15,['001'],1,S,0,0,,
1792,1793,15,['000'],0,A,0,0,,
1793,1794,13,['010'],2,B,0,0,,
1794,1795,15,['001'],1,S,0,0,,
1795,1796,15,['000'],0,A,0,0,,
1796,1797,15,['000'],0,B,0,0,,
1797,1798,15,['000'],0,S,0,0,,
1798,1799,15,['000'],0,A,0,0,,
1799,1800,15,['001'],1,B,0,0,,
1800,1801,15,['000'],0,S,0,0,,
1801,1802,15,['000'],0,A,0,0,,
1802,1803,15,['000'],0,B,0,0,,
1803,1804,15,['010'],2,S,0,0,,
1804,1805,15,['000'],0,A,0,0,,
1805,1806,15,['010'],2,B,0,0,,
1806,1807,15,['000'],0,S,0,0,,
1807,1808,15,['001'],1,A,0,0,,
1808,1809,15,['000'],0,B,0,0,,
1809,1810,15,['000'],0,S,0,0,,
1810,1811,15,['000'],0,A,0,0,,
1811,1812,15,['010'],2,B,0,0,,
1812,1813,15,['010'],2,S,0,0,,
1813,1814,15,['001'],1,A,0,0,,
1814,1815,15,['000'],0,B,0,0,,
1815,1816,15,['000'],0,S,0,0,,
1816,1817,15,['001'],1,A,0,0,,
1817,1818,15,['010'],2,B,0,0,,
1818,1819,15,['000'],0,S,0,0,,
1819,1820,15,['000'],0,A,0,0,,
1820,1821,15,['010'],2,B,0,0,,
1821,1822,15,['001'],1,S,0,0,,
1822,1823,15,['001'],1,A,0,0,,
1823,1824,15,['000'],0,B,0,0,,
1824,1825,15,['000'],0,S,0,0,,
1825,1826,15,['000'],0,A,0,0,,
1826,1827,14,['010'],2,B,0,0,,
1827,1828,15,['010'],2,S,0,0,,
1828,1829,15,['000'],0,A,0,0,,
1829,1830,15,['000'],0,B,0,0,,
1830,1831,15,['000'],0,S,0,0,,
1831,1832,15,['000'],0,A,0,0,,
1832,1833,14,['001'],1,B,0,0,,
1833,1834,15,['000'],0,S,0,0,,
1834,1835,15,['010'],2,A,0,0,,
1835,1836,15,['010'],2,B,0,0,,
1836,1837,15,['000'],0,S,0,0,,
1837,1838,15,['000'],0,A,0,0,,
1838,1839,15,['010'],2,B,0,0,,
1839,1840,15,['010'],2,S,0,0,,
1840,1841,15,['000'],0,A,0,0,,
1841,1842,15,['000'],0,B,0,0,,
1842,1843,15,['000'],0,S,0,0,,
1843,1844,15,['000'],0,A,0,0,,
1844,1845,15,['010'],2,B,0,0,,
1845,1846,15,['000'],0,S,0,0,,
1846,1847,15,['000'],0,A,0,0,,
1847,1848,15,['010'],2,B,0,0,,
1848,1849,15,['000'],0,S,0,0,,
1849,1850,15,['000'],0,A,0,0,,
1850,1851,15,['010'],2,B,0,0,,
1851,1852,15,['000'],0,S,0,0,,
1852,1853,15,['000'],0,A,0,0,,
1853,1854,15,['000'],0,B,0,0,,
1854,1855,15,['010'],2,S,0,0,,
1855,1856,15,['000'],0,A,0,0,,
1856,1857,15,['010'],2,B,0,0,,
1857,1858,15,['000'],0,S,0,0,,
1858,1859,15,['000'],0,A,0,0,,
1859,1860,15,['000'],0,B,0,0,,
1860,1861,15,['000'],0,S,0,0,,
1861,1862,15,['000'],0,A,0,0,,
1862,1863,15,['001'],1,B,0,0,,
1863,1864,15,['000'],0,S,0,0,,
1864,1865,15,['001'],1,A,0,0,,
1865,1866,15,['010'],2,B,0,0,,
1866,1867,15,['001'],1,S,0,0,,
1867,1868,15,['010'],2,A,0,0,,
1868,1869,14,['010'],2,B,0,0,,
1869,1870,15,['000'],0,S,0,0,,
1870,1871,15,['001'],1,A,0,0,,
1871,1872,15,['000'],0,B,0,0,,
1872,1873,15,['010'],2,S,0,0,,
1873,1874,15,['000'],0,A,0,0,,
1874,1875,13,['010'],2,B,0,0,,
1875,1876,15,['001'],1,S,0,0,,
1876,1877,15,['001'],1,A,0,0,,
1877,1878,15,['001'],1,B,0,0,,
1878,1879,15,['000'],0,S,0,0,,
1879,1880,15,['000'],0,A,0,0,,
1880,1881,15,['000'],0,B,0,0,,
1881,1882,15,['000'],0,S,0,0,,
1882,1883,15,['000'],0,A,0,0,,
1883,1884,15,['000'],0,B,0,0,,
1884,1885,15,['000'],0,S,0,0,,
1885,1886,15,['000'],0,A,0,0,,
1886,1887,15,['010'],2,B,0,0,,
1887,1888,15,['000'],0,S,0,0,,
1888,1889,15,['000'],0,A,0,0,,
1889,1890,15,['000'],0,B,0,0,,
1890,1891,15,['000'],0,S,0,0,,
1891,1892,14,['010'],2,A,0,0,,
1892,1893,13,['001'],1,B,0,0,,
1893,1894,15,['010'],2,S,0,0,,
1894,1895,15,['000'],0,A,0,0,,
1895,1896,15,['000'],0,B,0,0,,
1896,1897,15,['000'],0,S,0,0,,
1897,1898,15,['000'],0,A,0,0,,
1898,1899,15,['010'],2,B,0,0,,
1899,1900,15,['000'],0,S,0,0,,
1900,1901,15,['000'],0,A,0,0,,
1901,1902,15,['010'],2,B,0,0,,
1902,1903,15,['000'],0,S,0,0,,
1903,1904,15,['000'],0,A,0,0,,
1904,1905,15,['000'],0,B,0,0,,
1905,1906,15,['010'],2,S,0,0,,
1906,1907,15,['001'],1,A,0,0,,
1907,1908,15,['001'],1,B,0,0,,
1908,1909,15,['000'],0,S,0,0,,
1909,1910,15,['001'],1,A,0,0,,
1910,1911,15,['000'],0,B,0,0,,
1911,1912,15,['000'],0,S,0,0,,
1912,1913,15,['001'],1,A,0,0,,
1913,1914,14,['010'],2,B,0,0,,
1914,1915,15,['000'],0,S,0,0,,
1915,1916,15,['000'],0,A,0,0,,
1916,1917,15,['010'],2,B,0,0,,
1917,1918,15,['000'],0,S,0,0,,
1918,1919,15,['001'],1,A,0,0,,
1919,1920,15,['010'],2,B,0,0,,
1920,1921,15,['000'],0,S,0,0,,
1921,1922,15,['000'],0,A,0,0,,
1922,1923,15,['010'],2,B,0,0,,
1923,1924,15,['000'],0,S,0,0,,
1924,1925,15,['000'],0,A,0,0,,
1925,1926,15,['000'],0,B,0,0,,
1926,1927,15,['000'],0,S,0,0,,
1927,1928,15,['000'],0,A,0,0,,
1928,1929,15,['010'],2,B,0,0,,
1929,1930,15,['010'],2,S,0,0,,
1930,1931,15,['000'],0,A,0,0,,
1931,1932,15,['000'],0,B,0,0,,
1932,1933,15,['010'],2,S,0,0,,
1933,1934,15,['000'],0,A,0,0,,
1934,1935,15,['010'],2,B,0,0,,
1935,1936,15,['000'],0,S,0,0,,
1936,1937,15,['000'],0,A,0,0,,
1937,1938,15,['000'],0,B,0,0,,
1938,1939,15,['000'],0,S,0,0,,
1939,1940,15,['000'],0,A,0,0,,
1940,1941,15,['000'],0,B,0,0,,
1941,1942,15,['000'],0,S,0,0,,
1942,1943,15,['000'],0,A,0,0,,
1943,1944,15,['000'],0,B,0,0,,
1944,1945,15,['000'],0,S,0,0,,
1945,1946,15,['000'],0,A,0,0,,
1946,1947,15,['000'],0,B,0,0,,
1947,1948,15,['000'],0,S,0,0,,
1948,1949,15,['000'],0,A,0,0,,
1949,1950,15,['000'],0,B,0,0,,
1950,1951,15,['000'],0,S,0,0,,
1951,1952,15,['000'],0,A,0,0,,
1952,1953,13,['001'],1,B,0,0,,
1953,1954,14,['001'],1,S,0,0,,
1954,1955,15,['000'],0,A,0,0,,
1955,1956,15,['010'],2,B,0,0,,
1956,1957,15,['010'],2,S,0,0,,
1957,1958,15,['000'],0,A,0,0,,
1958,1959,14,['001'],1,B,0,0,,
1959,1960,15,['000'],0,S,0,0,,
1960,1961,15,['010'],2,A,0,0,,
1961,1962,15,['010'],2,B,0,0,,
1962,1963,15,['000'],0,S,0,0,,
1963,1964,15,['010'],2,A,0,0,,
1964,1965,15,['000'],0,B,0,0,,
1965,1966,15,['010'],2,S,0,0,,
1966,1967,15,['000'],0,A,0,0,,
1967,1968,15,['010'],2,B,0,0,,
1968,1969,15,['000'],0,S,0,0,,
1969,1970,15,['000'],0,A,0,0,,
1970,1971,15,['000'],0,B,0,0,,
1971,1972,15,['000'],0,S,0,0,,
1972,1973,15,['000'],0,A,0,0,,
1973,1974,15,['000'],0,B,0,0,,
1974,1975,15,['000'],0,S,0,0,,
1975,1976,15,['010'],2,A,0,0,,
1976,1977,15,['000'],0,B,0,0,,
1977,1978,15,['000'],0,S,0,0,,
1978,1979,15,['000'],0,A,0,0,,
1979,1980,15,['000'],0,B,0,0,,
1980,1981,15,['000'],0,S,0,0,,
1981,1982,15,['000'],0,A,0,0,,
1982,1983,15,['010'],2,B,0,0,,
1983,1984,15,['000'],0,S,0,0,,
1984,1985,15,['000'],0,A,0,0,,
1985,1986,15,['001'],1,B,0,0,,
1986,1987,15,['000'],0,S,0,0,,
1987,1988,15,['001'],1,A,0,0,,
1988,1989,15,['010'],2,B,0,0,,
1989,1990,15,['000'],0,S,0,0,,
1990,1991,15,['000'],0,A,0,0,,
1991,1992,15,['010'],2,B,0,0,,
1992,1993,15,['010'],2,S,0,0,,
1993,1994,15,['010'],2,A,0,0,,
1994,1995,15,['000'],0,B,0,0,,
1995,1996,15,['000'],0,S,0,0,,
1996,1997,15,['001'],1,A,0,0,,
1997,1998,15,['000'],0,B,0,0,,
1998,1999,15,['000'],0,S,0,0,,
1999,2000,15,['000'],0,A,0,0,,
